"","binomial","WVPMin","WVP1Q","WVPMed","WVPMea","WVP3Q","WVPMax","PETMin","PET1Q","PETMed","PETMea","PET3Q","PETMax","CMMin","CM1Q","CMMed","CMMea","CM3Q","CMMax","PETDMin","PETD1Q","PETDMed","PETDMea","PETD3Q","PETDMax","PETWMin","PETW1Q","PETWMed","PETWMea","PETW3Q","PETWMax"
"1","Batrachoseps altasierrae","0.3045","0.4433","0.5199","0.5311","0.624","0.8374","773.6","995.2","1111","1121","1249","1478","-0.79","-0.58","-0.44","-0.4428","-0.32","-0.03","117","146.2","161.2","162","178.1","208","26.3","42.65","48.44","48.94","55.89","68.25"
"2","Batrachoseps bramei","0.3265","0.4556","0.5206","0.5329","0.5968","0.7415","826.9","1022","1115","1141","1254","1472","-0.81","-0.64","-0.5","-0.4973","-0.355","-0.15","124.1","149.6","161.6","163.8","178.6","204","34.08","43.83","48.48","50.22","56.2","68.41"
"3","Bolitoglossa nympha","1.629","2.114","2.32","2.334","2.576","2.815","1325","1554","1595","1593","1642","1734","-0.27","-0.1","0.02","0.04646","0.16","0.57","117.5","136.6","145.9","144.2","151.9","160.3","108.4","136.3","141.6","140.2","146.1","159.4"
"4","Bolitoglossa robinsoni","1.121","1.378","1.544","1.562","1.78","2.096","938.7","1058","1123","1137","1233","1389","0.52","0.58","0.605","0.5983","0.6275","0.66","79.36","89.61","95.06","96.38","104.3","118.4","78.3","88.42","94.19","94.82","103.1","109.1"
"5","Chiropterotriton miquihuanus","0.7266","0.8494","0.929","0.9439","1.015","1.35","1226","1336","1390","1402","1460","1650","-0.7","-0.53","-0.47","-0.4833","-0.43","-0.36","79.59","86.26","90.71","90.85","94.19","107.9","116.1","127.3","132.4","134.3","140.1","161.3"
"6","Desmognathus conanti","0.9012","1.303","1.379","1.404","1.497","1.779","911","1257","1317","1312","1382","1480","-0.2","-0.06","0.08","0.06439","0.14","0.53","59.63","88.79","97.16","100.8","117","143.5","43.21","60.29","65.15","87.44","113","178.9"
"7","Desmognathus organi","0.8896","1.011","1.039","1.043","1.078","1.212","885.5","1017","1051","1055","1099","1238","0","0.18","0.23","0.2343","0.29","0.49","26.28","32.05","34","34.78","36.72","54.09","102.1","130.7","139.4","135.3","144.5","159.4"
"8","Desmognathus planiceps","1.012","1.069","1.13","1.121","1.171","1.205","1054","1108","1157","1150","1193","1219","-0.16","-0.07","-0.02","-0.01544","0.03","0.12","30.08","32.85","34.7","34.89","36.97","38.92","108.3","148.1","150.1","151.3","154","166"
"9","Eurycea aquatica","1.287","1.413","1.429","1.424","1.447","1.527","1230","1324","1340","1338","1356","1418","-0.2","0.05","0.06","0.03472","0.07","0.15","100.6","127.5","129","125.8","130.5","132.9","63.63","65.25","66.25","73.81","72.53","120.2"
"10","Eurycea chamberlaini","1.276","1.336","1.38","1.38","1.419","1.539","1192","1269","1280","1284","1297","1358","-0.15","-0.09","-0.07","-0.05983","-0.04","0.14","58.59","61.54","62.77","63.28","64.54","91.46","62.18","164.1","166.5","164.9","168.6","173.9"
"11","Eurycea longicauda melanopleura","0.9959","1.212","1.251","1.231","1.272","1.306","982","1219","1251","1248","1262","1565","-0.61","-0.12","-0.1","-0.126","-0.08","-0.05","17.13","36.07","39.72","45.41","40.58","183.9","109.4","144.8","145.9","144.3","146.9","176.3"
"12","Oedipina nica","1.726","1.955","2.083","2.081","2.226","2.404","1326","1438","1496","1503","1575","1681","-0.14","0.125","0.2","0.1852","0.26","0.4","123.9","134.3","139.5","139.7","145.8","155","110.2","120.6","125.7","125.7","130.2","141.6"
"13","Plethodon chattahoochee","0.9698","1.159","1.21","1.197","1.242","1.309","985.8","1166","1213","1196","1238","1260","-0.06","0.22","0.26","0.2639","0.32","0.48","73.88","87.67","109.1","103.1","116","123.9","45.63","54.34","56.67","60.22","57.94","168.1"
"14","Plethodon chlorobryonis","1.051","1.371","1.422","1.424","1.48","1.65","1061","1255","1297","1295","1351","1422","-0.2","-0.11","-0.06","-0.04093","0.01","0.48","50.05","61.91","66.38","68.45","70.13","118.5","49.18","144.7","164.5","148.7","170","179.5"
"15","Plethodon grobmani","1.417","1.623","1.703","1.72","1.801","2.044","1266","1431","1463","1462","1495","1592","-0.59","-0.13","-0.1","-0.06785","0","0.16","59.48","81.22","85.92","90.06","104.2","133.8","59.99","153.1","170.5","152.5","173.7","182.1"
"16","Plethodon mississippi","1.227","1.446","1.514","1.538","1.623","1.915","1180","1339","1377","1379","1426","1485","-0.03","0.04","0.06","0.06315","0.09","0.2","73.3","127.4","132.7","127.1","135.4","142.1","45.69","75.81","97.62","98.1","123.7","176.7"
"17","Plethodon ocmulgee","1.47","1.561","1.587","1.584","1.612","1.667","1376","1425","1446","1440","1458","1474","-0.24","-0.21","-0.19","-0.1823","-0.16","-0.1","73.24","100.8","103.2","96.82","104.8","106.2","72.33","175.4","177.8","168.5","178.9","182.1"
"18","Plethodon variolatus","1.26","1.58","1.613","1.607","1.648","1.722","1186","1315","1360","1351","1401","1428","-0.15","-0.1","-0.07","-0.06646","-0.04","0.05","59.73","70.16","71.85","71.56","73.14","89.5","142.1","160.9","167","165.6","172.6","177"
"19","Batrachoseps regius","0.2575","0.4075","0.5536","0.5703","0.7532","0.9201","703.5","926.2","1152","1125","1342","1484","-0.66","-0.49","-0.38","-0.3518","-0.19","0.05","108.2","136.7","167.4","163.4","192.1","209.5","23.54","37.36","50.05","47.2","58.5","66.07"
"20","Batrachoseps relictus","0.3045","0.6631","0.8792","0.8265","0.9966","1.245","773.6","1135","1249","1239","1358","1563","-0.94","-0.72","-0.59","-0.5531","-0.41","-0.03","106.4","150.8","168","166.6","184.7","215.1","26.3","48.87","58.39","57.29","66.34","82.02"
"21","Bolitoglossa dunni","1.328","1.912","2.124","2.132","2.376","2.81","1178","1511","1572","1554","1613","1733","-0.27","-0.12","0","0.006795","0.11","0.46","88.26","125","138","134.4","148.1","161.1","104.3","129.2","137.4","136.3","144","158.8"
"22","Bolitoglossa odonnelli","1.421","2.084","2.299","2.251","2.425","2.66","1191","1457","1548","1548","1639","1819","-0.27","0.24","0.37","0.3065","0.5","0.65","103.9","128.7","135.5","136.5","143.1","168.3","108.4","131.6","139.6","138.7","146.4","158.7"
"23","Bradytriton silus","1.004","1.655","1.931","1.894","2.206","2.547","1226","1526","1645","1601","1713","1764","0.1","0.41","0.47","0.4673","0.57","0.67","101.2","138.3","147.2","143.8","153.9","169.5","107.4","133.6","143.1","141.1","150.7","157.9"
"24","Desmognathus fuscus","0.5693","0.9284","1.163","1.183","1.413","1.916","535.2","949.2","1156","1132","1318","1548","-0.53","-0.03","0.05","0.06509","0.15","0.72","10.36","26.63","61.02","69.6","117.6","179.5","10.98","76.46","131.5","118.2","155.1","180.2"
"25","Eurycea bislineata","0.4377","0.7071","0.8455","0.9006","1.061","1.795","395.3","722.7","854.1","898.8","1066","1499","-0.25","0.01","0.18","0.1577","0.28","0.72","0.53","22.36","27.71","38.09","36.1","155.3","10.6","97.22","117.7","113.2","149.2","178"
"26","Eurycea longicauda","0.7616","1.07","1.178","1.208","1.325","1.963","750.3","1078","1182","1178","1274","1565","-0.61","-0.08","0","0.005941","0.07","0.53","14.87","27.53","39.3","66.5","118.3","186.1","43.21","113.4","143.8","131.7","157","180.4"
"27","Plethodon aureolus","0.9779","1.213","1.259","1.236","1.28","1.319","983.1","1209","1235","1221","1256","1291","0.04","0.09","0.14","0.1631","0.2","0.48","82.76","116.6","121.2","116.4","123.3","126.6","43.21","54.3","55.74","55.13","56.96","58.69"
"28","Plethodon dorsalis","0.9012","1.198","1.263","1.282","1.346","1.666","911","1165","1212","1228","1291","1484","-0.13","0.01","0.06","0.05161","0.09","0.51","19.54","114.3","121.1","107","127.9","141.6","45.56","78.78","113.4","112.8","142.7","169.2"
"29","Plethodon jordani","0.8896","1.058","1.113","1.122","1.171","1.688","885.5","1084","1142","1140","1194","1483","-0.2","-0.02","0.12","0.1215","0.25","0.53","26.28","36.5","54.33","61.6","83.89","117","44.15","108.5","147.8","129.5","158.1","178.9"
"30","Plethodon richmondi","0.8506","1.051","1.1","1.096","1.148","1.248","879.8","1069","1121","1113","1158","1277","-0.23","-0.05","-0.01","0.009534","0.05","0.49","18.69","26.58","30.73","48.72","78.78","121.3","63.85","150.6","157.7","152.1","162.2","172.8"
"31","Plethodon wehrlei","0.8475","0.9244","0.9986","1.005","1.075","1.315","872.3","962","1039","1042","1118","1295","-0.25","-0.03","0.04","0.04764","0.13","0.4","16.53","21.95","27.08","30.68","31.04","120.6","56","146.4","151.3","151.4","158","170.9"
"32","Aneides aeneus","0.8506","1.098","1.175","1.196","1.314","1.515","879.8","1125","1184","1186","1270","1393","-0.23","0.01","0.07","0.08178","0.13","0.53","19.26","46.47","85.88","85.55","123.9","136.6","45.63","68.6","142.7","124.5","160.5","172.8"
"33","Aneides ferreus","0.3607","0.7725","0.8781","0.8605","0.9617","1.155","500.3","768","935.2","901","1026","1319","-0.58","0.18","0.41","0.3742","0.62","0.81","74.03","117.6","141.7","137.3","156.8","202.9","9.8","16.22","21.95","21.71","25.74","44.49"
"34","Aneides flavipunctatus","0.4751","0.773","0.9043","0.8839","0.9962","1.179","747.5","1023","1131","1135","1245","1444","-0.71","-0.23","0.04","-0.002571","0.25","0.57","88.21","147.6","166.6","165.6","185","210.9","19.55","28.51","31.25","33.32","38.28","62.18"
"35","Aneides hardii","0.447","0.705","0.7623","0.7441","0.8066","0.8815","908.9","1306","1426","1397","1513","1598","-0.86","-0.83","-0.78","-0.7501","-0.71","-0.22","37.98","71.93","100.8","93.72","109.4","151.9","110.8","154.1","167.1","163.2","175","185.2"
"36","Aneides lugubris","0.2063","0.9225","1.009","0.9981","1.099","1.489","600.8","1188","1316","1287","1402","1591","-0.94","-0.73","-0.61","-0.4735","-0.29","0.57","88.21","154.9","175.2","173.6","197.7","223.6","19.7","41.27","49.57","54.85","70.24","92.39"
"37","Aneides vagrans","0.4524","0.787","0.8712","0.8632","0.9445","1.155","500.3","580","683.8","767.6","985.8","1351","-0.27","0.34","0.65","0.5318","0.74","0.81","74.03","91.77","109.7","116.8","138.2","207.9","9.8","11.8","13.32","18.82","29.09","44.72"
"38","Aquiloeurycea cephalica","0.3916","0.9849","1.156","1.198","1.396","2.123","858.2","1366","1451","1482","1617","1850","-0.78","-0.59","-0.43","-0.3643","-0.18","0.43","58.76","92.49","99.65","103.1","114.2","135.9","71.79","122.4","133.5","134.7","148.3","178.4"
"39","Aquiloeurycea galeanae","0.7775","0.919","0.9866","1.009","1.099","1.35","1267","1377","1444","1440","1516","1684","-0.73","-0.6","-0.53","-0.5321","-0.47","-0.3","80.54","86.64","92.71","92.22","97.03","109","119.7","129","133.6","137.5","142.3","171.1"
"40","Aquiloeurycea quetzalanensis","1.707","1.797","1.887","1.913","2.015","2.143","1392","1417","1443","1458","1491","1538","0.46","0.5","0.54","0.5367","0.575","0.61","99.82","100.9","102","103.2","104.9","107.9","130","133.1","136.2","137.5","141.3","146.4"
"41","Batrachoseps attenuatus","0.6129","0.9193","0.9897","0.987","1.064","1.179","747.5","1045","1218","1182","1331","1465","-0.78","-0.5","-0.2","-0.1328","0.27","0.58","88.21","145.2","171","167.5","192.7","213.4","23.36","31.78","39.5","38.36","42.65","66.19"
"42","Batrachoseps campi","0.2992","0.3487","0.3741","0.4205","0.4655","0.7099","851.7","951.4","1009","1097","1207","1572","-0.91","-0.8075","-0.67","-0.6985","-0.605","-0.48","119.8","133.1","141","153.2","168.3","223.4","26.85","29.98","31.61","35.51","37.78","69.61"
"43","Batrachoseps diabolicus","0.7499","0.8865","0.9189","0.9096","0.9412","0.9953","1286","1348","1377","1372","1402","1432","-0.57","-0.48","-0.43","-0.4152","-0.37","-0.21","189.6","198.6","202.8","201.9","206.1","209.3","40.34","41.24","42.21","42.23","43.18","44.03"
"44","Batrachoseps gabrieli","0.4459","0.5559","0.659","0.6486","0.7412","0.8914","1001","1156","1269","1269","1377","1639","-0.84","-0.53","-0.44","-0.4359","-0.31","-0.17","133.4","162.4","175.8","175","187.9","211","44.2","52.27","58.84","58.81","65.5","80.45"
"45","Batrachoseps gavilanensis","0.6879","0.9104","0.9753","0.9787","1.052","1.169","943.4","1288","1406","1374","1488","1582","-0.87","-0.76","-0.7","-0.6712","-0.6","-0.11","106.8","169.6","192.7","187","208.8","223.6","45.11","60.63","65.66","63.15","68.85","72.84"
"46","Batrachoseps gregarius","0.5443","0.7835","0.8739","0.8602","0.9523","1.024","1085","1367","1441","1422","1485","1554","-0.84","-0.75","-0.65","-0.6208","-0.52","-0.06","160.1","196.2","205.8","202.9","211.3","218.8","40.12","58.77","61.95","60.38","64.8","71.12"
"47","Batrachoseps incognitus","0.9024","0.9585","0.993","0.998","1.022","1.125","1151","1215","1250","1257","1303","1353","-0.94","-0.785","-0.75","-0.7386","-0.675","-0.56","134.3","152.7","163.4","160.1","169.2","177.3","52.38","53.61","54.64","58.29","64.48","69.28"
"48","Batrachoseps kawia","0.2348","0.316","0.3926","0.4509","0.5536","0.8669","675.5","797.6","920.4","990.5","1162","1480","-0.63","-0.45","-0.29","-0.2888","-0.15","0.16","104.3","120.4","136.6","145.7","168.3","209.1","22.29","26.99","32.7","38.84","50.74","66.07"
"49","Batrachoseps luciae","0.7601","0.8783","0.9373","0.9478","1.019","1.157","943.2","1088","1126","1123","1175","1249","-0.6","-0.44","-0.35","-0.3601","-0.28","-0.14","106.4","138.8","148.7","144.9","155.8","166.8","45.96","48.35","52.21","53.48","59.1","64.45"
"50","Batrachoseps major","0.5469","1.01","1.118","1.121","1.232","1.578","973.3","1294","1374","1369","1453","1804","-0.96","-0.79","-0.76","-0.751","-0.72","-0.3","103.5","151.5","164.8","164.7","179.1","226.1","46.6","72.64","75.12","75.03","77.5","97.7"
"51","Batrachoseps minor","0.9266","0.9841","1.007","1.008","1.025","1.121","1123","1309","1376","1366","1437","1514","-0.79","-0.71","-0.66","-0.6654","-0.62","-0.54","128.7","172.3","182.1","180.3","194.8","208","54.27","66.98","67.88","67.75","69.78","71.26"
"52","Batrachoseps nigriventris","0.4526","0.8598","0.9779","0.9626","1.089","1.271","840.8","1170","1262","1269","1375","1564","-0.89","-0.69","-0.63","-0.6078","-0.56","0.04","105.8","147.9","164","165.6","180.7","220.6","35.93","61.72","67.24","65","69.98","80.9"
"53","Batrachoseps pacificus","1.107","1.179","1.201","1.197","1.225","1.256","975.2","1007","1030","1032","1058","1087","-0.64","-0.61","-0.59","-0.5864","-0.5775","-0.52","103.1","110.2","114","115.4","120.8","126.2","62.17","64.05","64.74","64.54","65.3","66.15"
"54","Batrachoseps robustus","0.3076","0.3876","0.4478","0.4439","0.4887","0.6557","830.3","974.6","1075","1073","1152","1431","-0.83","-0.67","-0.58","-0.5676","-0.465","-0.29","115.6","138.4","152.5","151.7","162","191.8","27.21","40.72","45.87","44.26","49.44","64.92"
"55","Batrachoseps simatus","0.3265","0.4761","0.5554","0.5456","0.6478","0.7355","826.9","1073","1159","1136","1242","1394","-0.74","-0.6125","-0.53","-0.5058","-0.4675","-0.15","124.1","156.4","166.8","163.6","176.3","194.8","34.08","46.35","50.88","49.97","55.8","63.98"
"56","Batrachoseps stebbinsi","0.3044","0.586","0.6878","0.6332","0.7413","0.8247","813","1119","1218","1190","1303","1468","-0.82","-0.77","-0.71","-0.6467","-0.6","-0.22","122.9","160.3","171.6","168.8","182.5","202.9","26.97","49.18","54.86","51.81","59.24","67.94"
"57","Batrachoseps wrighti","0.3924","0.6394","0.6946","0.7026","0.7564","0.9534","547.3","794.6","849.9","852.9","906.5","1028","-0.28","0.47","0.58","0.538","0.63","0.77","94.45","128.8","136.9","137.6","146.3","166.1","11.59","16.09","17.23","17.28","18.31","21.62"
"58","Bolitoglossa adspersa","0.7903","1.068","1.19","1.204","1.288","2.017","794","1042","1161","1137","1228","1511","-0.49","-0.21","-0.03","-0.009584","0.2","0.55","70.46","91.48","99.55","98.09","105.5","129.8","59.73","82.85","93.8","91.53","100.7","128.7"
"59","Bolitoglossa alberchi","1.64","1.986","2.101","2.134","2.285","2.603","1246","1481","1570","1563","1664","1754","-0.52","-0.39","0.07","0.02095","0.4","0.6","124.4","135.2","140.9","141.8","148.3","168","112.8","133.2","139","140.5","151.7","160.7"
"60","Bolitoglossa alvaradoi","1.823","2.258","2.441","2.452","2.681","2.863","1257","1474","1512","1505","1552","1623","0.34","0.53","0.6","0.5754","0.62","0.7","104.5","131.6","136.8","135.6","141.4","151","98.84","112.6","126.7","122.2","131.5","135.1"
"61","Bolitoglossa biseriata","2.026","2.719","2.823","2.782","2.878","2.967","1281","1429","1482","1484","1535","1767","-0.06","0.47","0.6","0.5827","0.77","0.84","101.2","122.4","127.9","127.9","133.8","151.1","96.99","112.9","120.4","119.5","125","150"
"62","Bolitoglossa bramei","1.74","1.74","1.74","1.74","1.74","1.74","1204","1204","1204","1204","1204","1204","0.52","0.52","0.52","0.52","0.52","0.52","102.6","102.6","102.6","102.6","102.6","102.6","100.1","100.1","100.1","100.1","100.1","100.1"
"63","Bolitoglossa carri","1.444","1.444","1.444","1.444","1.444","1.444","1261","1261","1261","1261","1261","1261","0.2","0.2","0.2","0.2","0.2","0.2","105.1","105.1","105.1","105.1","105.1","105.1","103.2","103.2","103.2","103.2","103.2","103.2"
"64","Bolitoglossa celaque","1.065","1.413","1.467","1.452","1.512","1.607","1065","1290","1316","1315","1361","1443","0.09","0.16","0.21","0.2185","0.26","0.51","85.81","100.2","107.7","105.7","111.8","120","92.77","109","111.9","111.4","115.1","123.1"
"65","Bolitoglossa cerroensis","1.017","1.199","1.397","1.427","1.585","2.15","906.6","995.2","1085","1116","1197","1556","0.45","0.6","0.63","0.6341","0.69","0.74","76.88","84.33","91.4","93.66","100.4","120.4","75.71","83.54","91.31","93.94","101.2","130.6"
"66","Bolitoglossa colonnea","1.344","2.338","2.69","2.577","2.837","2.935","1045","1474","1527","1513","1556","1737","0.25","0.48","0.54","0.5358","0.6","0.76","88.9","127.3","135.2","133.2","139.4","154.1","82.19","112.8","116.8","119.8","129.6","140.5"
"67","Bolitoglossa compacta","1.471","1.704","1.842","1.816","1.956","2.114","1095","1191","1246","1233","1286","1366","0.45","0.48","0.49","0.5044","0.53","0.58","92.87","101.3","106.3","105.3","110.6","117.8","91.3","99.09","103.8","102","106.4","110.6"
"68","Bolitoglossa conanti","1.378","1.523","1.785","1.782","2.013","2.263","1219","1306","1378","1394","1443","1619","-0.01","0.13","0.19","0.1959","0.27","0.4","99.32","107.7","120","123.1","134.2","151.8","107.7","115.2","120.4","123.4","130.3","143.3"
"69","Bolitoglossa cuchumatana","0.9834","1.29","1.488","1.533","1.728","2.168","1193","1356","1450","1450","1545","1685","-0.16","0.14","0.295","0.3143","0.51","0.67","88.15","110.4","126.6","124.3","140.1","153.6","103.8","119.7","128.8","128.4","136.2","151.2"
"70","Bolitoglossa cuna","2.673","2.755","2.811","2.795","2.847","2.888","1389","1409","1415","1413","1421","1427","0.08","0.165","0.21","0.2021","0.26","0.31","117.2","118.4","118.7","118.7","119.2","119.5","110.9","120.2","120.7","120.2","121.1","122.3"
"71","Bolitoglossa decora","1.619","1.619","1.619","1.619","1.619","1.619","1320","1320","1320","1320","1320","1320","0.15","0.15","0.15","0.15","0.15","0.15","125.6","125.6","125.6","125.6","125.6","125.6","108.6","108.6","108.6","108.6","108.6","108.6"
"72","Bolitoglossa diaphora","1.67","1.699","1.727","1.727","1.756","1.785","1281","1295","1309","1309","1323","1337","0.26","0.2725","0.285","0.285","0.2975","0.31","120","121.3","122.7","122.7","124","125.3","115.2","116.5","117.8","117.8","119.1","120.4"
"73","Bolitoglossa dofleini","1.67","2.08","2.295","2.281","2.491","2.765","1235","1375","1486","1471","1553","1681","-0.15","0.1325","0.38","0.3433","0.49","0.65","109.7","124.6","135.6","134","144.2","152.4","112.1","122.3","130.5","130.9","139.6","151.4"
"74","Bolitoglossa engelhardti","0.9054","1.207","1.367","1.384","1.528","1.892","1100","1257","1367","1351","1451","1589","0.1","0.24","0.32","0.3276","0.42","0.59","81.71","92.13","100.5","100.5","108.8","116.8","94.06","109.9","119.2","116.3","123","135.9"
"75","Bolitoglossa epimela","1.451","1.665","1.994","1.98","2.315","2.402","1093","1229","1422","1359","1481","1497","0.49","0.52","0.695","0.6414","0.745","0.78","91.67","102.2","119.9","117.7","132.6","134.1","92.49","104.6","109.4","108.6","110.9","122.2"
"76","Bolitoglossa equatoriana","1.752","2.623","2.658","2.63","2.698","2.764","1487","1622","1626","1621","1632","1643","0.42","0.48","0.5","0.5078","0.52","0.65","127.7","139.1","141","139.7","142.2","143.8","111.5","124","124.6","123.7","125.1","127.5"
"77","Bolitoglossa flavimembris","0.9773","1.407","1.748","1.721","2.056","2.369","1140","1369","1495","1486","1611","1781","0.05","0.305","0.51","0.4447","0.6","0.63","84.38","101.4","114.1","111","119.8","140.3","97.58","118.9","126.5","125.6","135","146.3"
"78","Bolitoglossa flaviventris","1.606","2.177","2.367","2.299","2.47","2.635","1478","1769","1805","1784","1838","1955","0.41","0.5075","0.56","0.5419","0.59","0.61","109.2","131.3","135.6","133.8","139.2","148.2","128.8","146.3","148.2","148.6","151.7","167.6"
"79","Bolitoglossa franklini","0.9773","1.359","1.562","1.564","1.761","2.283","1140","1381","1516","1502","1631","1856","-0.15","0.04","0.2","0.2004","0.34","0.62","84.38","101.8","112.7","112","120.4","146","97.58","120.2","131.6","129.6","139.4","159.2"
"80","Bolitoglossa gomezi","1.864","2.12","2.223","2.214","2.278","2.593","1250","1391","1482","1458","1523","1635","0.49","0.5","0.52","0.5217","0.54","0.56","106.8","120.6","130","127.7","134.4","146","103.8","114.6","121","119.1","123.6","132"
"81","Bolitoglossa gracilis","1.661","1.786","1.897","1.869","1.98","2.02","1227","1315","1375","1354","1414","1438","0.68","0.7025","0.715","0.7225","0.735","0.78","102","113.1","118.1","114.6","119.7","120.2","104.5","112.3","117.4","115.4","120.5","122.2"
"82","Bolitoglossa hartwegi","0.7279","1.18","1.265","1.284","1.43","1.659","1021","1301","1365","1379","1460","1619","-0.39","-0.2","0.01","-0.01604","0.14","0.59","82.73","96.59","105.1","106.5","112.4","147","86.95","114.7","121.3","122","130","145.6"
"83","Bolitoglossa heiroreias","1.405","1.462","1.511","1.531","1.579","1.696","1202","1232","1271","1286","1325","1403","0.17","0.2825","0.36","0.3325","0.41","0.44","88.26","91.33","94.72","94.65","98.04","100.9","107","109.3","112.4","113.6","116.7","122.7"
"84","Bolitoglossa helmrichi","1.131","1.638","1.868","1.923","2.227","2.637","1071","1257","1381","1380","1504","1719","-0.23","0.4075","0.49","0.4735","0.58","0.66","82.99","111.6","123.2","121.6","131.5","155.9","97.41","110.3","121.3","123.1","133.9","158.4"
"85","Bolitoglossa hermosa","1.097","1.646","1.825","1.834","2.121","2.389","1242","1582","1662","1636","1762","1835","-0.28","-0.14","-0.07","-0.06533","-0.04","0.28","118.2","148.5","155.1","152.1","161.8","167.1","101.8","130.7","138.4","136.5","148.3","156.4"
"86","Bolitoglossa lincolni","0.7882","1.178","1.262","1.245","1.364","1.556","1064","1324","1370","1360","1437","1558","-0.38","-0.24","-0.135","-0.116","-0.0775","0.33","78.85","97.41","103.2","102.1","109.3","124.5","90.71","117.4","122.4","120.4","127.9","136.4"
"87","Bolitoglossa longissima","1.612","1.612","1.612","1.612","1.612","1.612","1301","1301","1301","1301","1301","1301","0.25","0.25","0.25","0.25","0.25","0.25","123","123","123","123","123","123","97.91","97.91","97.91","97.91","97.91","97.91"
"88","Bolitoglossa macrinii","1.063","1.688","2.023","1.975","2.303","2.654","1286","1732","1854","1801","1929","2035","-0.61","-0.3775","-0.255","-0.2584","-0.16","0.12","91.45","128.2","138","136.3","145","165.7","110.4","144.9","157.2","153.5","165.9","177.1"
"89","Bolitoglossa marmorea","1.344","1.727","1.896","1.902","2.102","2.451","1045","1196","1250","1276","1371","1526","0.44","0.48","0.5","0.5052","0.53","0.6","88.9","102.3","107","109.9","118.2","135.2","82.19","99.41","103.8","104.7","111.6","124.1"
"90","Bolitoglossa medemi","2.646","2.855","2.892","2.866","2.911","2.926","1394","1690","1702","1686","1711","1723","0.46","0.75","0.76","0.7497","0.77","0.79","121.1","142.7","144.7","143.6","146.1","148.1","108.3","141.9","142.9","141.1","143.9","146.5"
"91","Bolitoglossa meliana","1.131","1.41","1.688","1.721","2.004","2.454","1071","1190","1337","1331","1468","1639","-0.23","0.27","0.4","0.3433","0.5","0.59","82.99","98.76","105.2","112.4","123.8","150.5","97.41","109.3","120.2","120.2","131.1","148.1"
"92","Bolitoglossa mexicana","1.129","2.101","2.391","2.318","2.541","2.869","1189","1464","1575","1562","1661","1852","-0.5","-0.05","0.16","0.1451","0.35","0.67","92.91","129.2","141","140.1","150.8","176.5","90.24","125.7","133.8","134","143.8","166.4"
"93","Bolitoglossa minutula","1.121","1.622","1.864","1.83","2.073","2.351","938.7","1156","1250","1249","1350","1534","0.44","0.48","0.52","0.527","0.57","0.66","79.36","98.31","107.1","107","116.9","133.2","78.3","95.99","102.9","102.1","106.7","126.1"
"94","Bolitoglossa mombachoensis","2.686","2.689","2.693","2.693","2.696","2.699","1703","1704","1704","1704","1705","1705","-0.13","-0.125","-0.12","-0.12","-0.115","-0.11","146.1","146.2","146.3","146.3","146.4","146.4","137.1","137.2","137.3","137.3","137.4","137.5"
"95","Bolitoglossa morio","0.7882","1.378","1.658","1.637","1.907","2.453","1058","1297","1417","1404","1510","1732","-0.52","-0.16","0.04","0.03451","0.19","0.63","78.85","98.73","109.4","107.7","116.5","140.6","89.78","113.2","122.1","121","129.4","150.6"
"96","Bolitoglossa mulleri","1.355","1.724","1.798","1.978","2.377","2.539","1156","1308","1347","1418","1531","1739","0.36","0.4325","0.475","0.4903","0.545","0.67","101.2","119.1","123.6","128.5","138.2","157.9","101.4","109.7","115.2","120.7","132.6","152.7"
"97","Bolitoglossa nigrescens","1.017","1.257","1.564","1.526","1.764","2.15","906.6","1020","1186","1177","1329","1556","0.28","0.4275","0.61","0.5558","0.6425","0.74","76.88","86.19","99.31","98.57","110.5","123.3","75.71","85.71","100.3","99.33","112.5","130.6"
"98","Bolitoglossa oaxacensis","1.137","1.359","1.481","1.484","1.589","1.903","1468","1632","1723","1707","1774","1861","-0.61","-0.47","-0.39","-0.3977","-0.31","-0.14","107.9","120","126.4","125.3","130.3","137.5","124.4","140.3","147.4","146.3","152.9","162.3"
"99","Bolitoglossa occidentalis","1.159","1.894","2.056","2.038","2.179","2.577","1196","1615","1703","1683","1764","1978","-0.55","-0.3275","-0.035","0.02643","0.4","0.63","89.43","119.6","123.9","124.6","130.3","148.2","101.9","137.6","148.6","145.9","155","170.7"
"100","Bolitoglossa orestes","1.084","1.208","1.296","1.294","1.311","1.525","1167","1228","1265","1267","1291","1375","-0.29","-0.07","-0.06","-0.07462","-0.04","0.03","98.01","105.7","109.5","108.6","111.1","116.6","97.15","102.3","105.3","105.7","108.1","115.3"
"101","Bolitoglossa palmata","0.8512","1.193","1.42","1.447","1.658","2.435","859.5","1209","1395","1330","1454","1593","-0.29","0.1","0.31","0.2595","0.41","0.62","77.46","105.7","121","116.2","125.7","142.7","61.57","91.98","104.7","101.1","111.8","122"
"102","Bolitoglossa paraensis","2.701","2.792","2.805","2.805","2.817","2.853","1549","1623","1646","1639","1660","1685","0.22","0.27","0.31","0.3192","0.35","0.46","141.2","150","153.9","152.7","156","158.6","121.5","124.5","126.7","127","129","136.3"
"103","Bolitoglossa peruviana","1.282","2.603","2.677","2.615","2.714","2.797","1309","1623","1641","1629","1663","1680","-0.24","0.38","0.46","0.4315","0.5","0.66","99.62","135","141.9","139.6","145.3","149.3","107.1","122.4","125.1","125.7","126.5","138.7"
"104","Bolitoglossa pesrubra","0.8615","1.079","1.199","1.204","1.316","1.549","816.8","932.5","995.2","988.6","1041","1162","0.6","0.63","0.66","0.6573","0.67","0.73","69.13","78.94","84.33","83.57","87.59","97.73","68.08","78.04","83.46","82.87","87.17","98.03"
"105","Bolitoglossa platydactyla","1.127","2.185","2.411","2.306","2.488","2.604","1190","1576","1619","1604","1660","1780","-0.52","-0.12","0.09","0.0923","0.3075","0.63","87.22","114.2","138.2","130.5","144.3","168","108.2","142.4","146.2","146.9","152.9","171.6"
"106","Bolitoglossa porrasorum","1.78","1.895","1.999","2.009","2.103","2.311","1327","1470","1490","1492","1526","1613","-0.11","-0.07","0.02","0.03733","0.14","0.24","123.8","136.4","139.2","138.7","142","148.6","98.88","121.3","123.8","124.9","131.2","144.1"
"107","Bolitoglossa riletti","1.56","1.836","1.928","1.898","2.001","2.199","1838","1917","1936","1926","1953","1999","-0.32","-0.2775","-0.255","-0.2293","-0.1925","-0.08","132.9","139.4","159.8","152.4","161.4","165.8","155","159.6","161.5","160.9","162.5","166.4"
"108","Bolitoglossa robusta","1.017","1.641","1.899","1.868","2.105","2.656","906.6","1210","1339","1307","1439","1552","0.15","0.47","0.52","0.5221","0.61","0.78","76.48","102.8","113.7","113.3","125.4","142.8","75.71","100.6","109.9","108.9","119.2","131.4"
"109","Bolitoglossa rostrata","0.6708","0.9214","1.017","1.046","1.179","1.532","969.2","1126","1214","1221","1309","1484","-0.1","0.08","0.185","0.1838","0.26","0.44","77.52","84.39","91.43","92.53","99.18","118.1","82.37","96.65","105.7","105.9","114.7","130.4"
"110","Bolitoglossa rufescens","1.087","2.211","2.434","2.349","2.52","2.84","1143","1469","1615","1571","1671","1845","-0.52","0.19","0.35","0.293","0.47","0.67","97.52","127.2","141.7","138.6","148.7","174.8","97.77","130.1","139.8","138.9","148","166.3"
"111","Bolitoglossa schizodactyla","1.922","2.604","2.75","2.692","2.826","2.921","1272","1426","1468","1456","1494","1589","0.23","0.47","0.51","0.5043","0.5575","0.63","107.6","121.8","126.1","126.2","130.5","144.8","96.99","110.6","115.5","115.7","122","134.7"
"112","Bolitoglossa sombra","1.434","1.73","1.884","1.845","2.018","2.104","1080","1201","1273","1257","1326","1383","0.49","0.5075","0.53","0.5375","0.55","0.62","91.82","102.2","108.8","107.6","113.9","119.6","89.91","100.2","105.8","104.4","109.8","114.2"
"113","Bolitoglossa stuarti","1.265","1.665","2.041","1.908","2.146","2.236","1382","1634","1788","1727","1829","1874","-0.45","-0.39","-0.34","-0.3215","-0.265","0.09","99.04","118.2","133.6","131.3","146.2","153.5","123.3","144.2","153.3","149.1","157.4","166.2"
"114","Bolitoglossa subpalmata","1.048","1.542","1.803","1.767","2.009","2.384","908.7","1182","1328","1285","1429","1508","0.44","0.52","0.56","0.5496","0.58","0.66","76.48","107.2","114.7","116.4","129.3","141.8","76.29","96.25","110.9","106.7","117.8","127.8"
"115","Bolitoglossa suchitanensis","1.733","1.733","1.733","1.733","1.733","1.733","1420","1420","1420","1420","1420","1420","0.12","0.12","0.12","0.12","0.12","0.12","102.9","102.9","102.9","102.9","102.9","102.9","124.6","124.6","124.6","124.6","124.6","124.6"
"116","Bolitoglossa synoria","1.328","1.352","1.378","1.414","1.463","1.567","1178","1195","1219","1240","1270","1353","0.28","0.36","0.4","0.3914","0.44","0.46","95.79","96.81","97.96","99.44","100.8","107.1","104.3","105.9","107.7","109.4","111.8","118.4"
"117","Bolitoglossa tica","1.325","1.379","1.426","1.42","1.466","1.503","1046","1069","1093","1090","1114","1130","0.56","0.5675","0.575","0.585","0.5925","0.63","88.13","90.09","91.83","91.61","93.35","94.65","88.05","89.99","92.09","91.91","94.01","95.41"
"118","Bolitoglossa yucatana","2.371","2.514","2.551","2.558","2.596","2.77","1331","1639","1703","1689","1756","1855","-0.64","-0.42","-0.35","-0.3566","-0.29","0","111.4","134.7","145.1","143.3","152.4","165.4","111.6","142.4","150.1","151.6","162.6","170.5"
"119","Bolitoglossa zapoteca","1.535","1.566","1.597","1.672","1.741","1.885","1373","1404","1435","1488","1545","1655","-0.37","-0.325","-0.28","-0.2933","-0.255","-0.23","101.4","103.5","105.7","109.4","113.4","121.1","118.7","121.6","124.5","129.6","135","145.4"
"120","Chiropterotriton arboreus","1.474","1.474","1.474","1.474","1.474","1.474","1492","1492","1492","1492","1492","1492","-0.28","-0.28","-0.28","-0.28","-0.28","-0.28","112.1","112.1","112.1","112.1","112.1","112.1","132.6","132.6","132.6","132.6","132.6","132.6"
"121","Chiropterotriton chondrostega","0.9886","1.181","1.28","1.343","1.382","1.988","1304","1428","1533","1517","1602","1713","-0.66","-0.485","-0.35","-0.2514","-0.055","0.57","84.91","95.31","101.2","103.2","111.8","123.4","107","130.4","141.4","137.6","146.4","159.5"
"122","Chiropterotriton cracens","1.284","1.491","1.698","1.565","1.706","1.714","1484","1544","1604","1568","1611","1617","-0.43","-0.415","-0.4","-0.3967","-0.38","-0.36","84.91","88.78","92.65","90.2","92.85","93.04","141.4","147.5","153.6","150.2","154.6","155.5"
"123","Chiropterotriton dimidiatus","0.847","0.8879","0.9496","0.9438","0.9893","1.045","1214","1227","1301","1295","1326","1413","-0.6","-0.4875","-0.37","-0.3892","-0.2725","-0.24","81.62","82.96","87.56","87.32","89.68","95.39","102.3","102.9","109.9","111.9","119.3","128.5"
"124","Chiropterotriton lavae","1.218","1.257","1.346","1.346","1.435","1.472","1266","1279","1285","1283","1289","1294","0.12","0.1875","0.245","0.225","0.2825","0.29","93.98","94.13","94.49","94.59","94.95","95.37","115.1","116.8","117.8","117.6","118.7","119.5"
"125","Chiropterotriton magnipes","1.12","1.311","1.486","1.461","1.586","1.792","1408","1545","1606","1603","1683","1746","-0.34","-0.26","-0.08","-0.1095","0.03","0.12","102.5","112.6","116.6","117","122.6","128.4","127.8","141.2","147.5","147.2","155.1","160.6"
"126","Chiropterotriton mosaueri","1.092","1.136","1.181","1.181","1.226","1.27","1502","1551","1601","1596","1644","1687","-0.73","-0.71","-0.69","-0.6667","-0.635","-0.58","94.91","98.03","101.2","107.7","114.1","127.1","143.1","147.9","152.6","152.1","156.5","160.4"
"127","Chiropterotriton multidentatus","0.794","1.289","1.59","1.53","1.652","2.335","1214","1569","1706","1649","1755","1844","-0.77","-0.72","-0.6","-0.4406","-0.185","0.22","80.77","92.06","119.2","111","125.4","132.2","102.3","150.8","161.2","155","165.1","185.3"
"128","Chiropterotriton priscus","0.7264","0.9789","1.132","1.137","1.28","1.639","1177","1335","1460","1442","1544","1673","-0.69","-0.57","-0.55","-0.5519","-0.52","-0.44","77.36","84.9","88.28","89.98","95.21","108.8","115.9","130.9","140.2","140.8","151.3","171.3"
"129","Cryptotriton alvarezdeltoroi","1.749","1.879","2.009","2.001","2.127","2.246","1565","1584","1603","1596","1612","1621","0.04","0.28","0.52","0.3867","0.56","0.6","126","139.7","153.4","146.3","156.4","159.4","131.8","134.3","136.8","137.2","139.9","143"
"130","Cryptotriton monzoni","2.058","2.058","2.058","2.058","2.058","2.058","1521","1521","1521","1521","1521","1521","0.01","0.01","0.01","0.01","0.01","0.01","143.2","143.2","143.2","143.2","143.2","143.2","130.1","130.1","130.1","130.1","130.1","130.1"
"131","Cryptotriton nasalis","1.67","1.983","2.131","2.08","2.182","2.388","1281","1423","1488","1464","1513","1608","0.03","0.14","0.16","0.1641","0.18","0.31","120","132.7","137.5","135.4","139.4","145.4","115.2","128.6","135.3","133","137.8","148.4"
"132","Cryptotriton sierraminensis","1.521","1.6","1.68","1.68","1.76","1.839","1213","1252","1291","1291","1330","1370","0.44","0.46","0.48","0.48","0.5","0.52","92.96","96.81","100.7","100.7","104.5","108.4","110.8","113.9","116.9","116.9","119.9","122.9"
"133","Cryptotriton veraepacis","1.388","1.404","1.421","1.424","1.442","1.464","1146","1153","1160","1161","1169","1178","0.41","0.505","0.6","0.54","0.605","0.61","100.3","100.8","101.4","101.4","102","102.7","104.6","105.4","106.2","106.3","107.1","108.1"
"134","Dendrotriton bromeliacius","1.068","1.224","1.339","1.291","1.376","1.429","1176","1266","1332","1304","1354","1377","0.29","0.305","0.345","0.3517","0.4","0.42","86.74","92.23","97.76","95.54","98.9","101.3","101.2","112.1","116","114.1","119.2","120.2"
"135","Dendrotriton chujorum","1.019","1.019","1.019","1.019","1.019","1.019","1240","1240","1240","1240","1240","1240","0.12","0.12","0.12","0.12","0.12","0.12","90.94","90.94","90.94","90.94","90.94","90.94","108.6","108.6","108.6","108.6","108.6","108.6"
"136","Dendrotriton cuchumatanus","0.9852","1.163","1.222","1.236","1.319","1.493","1215","1335","1352","1361","1410","1488","-0.1","0.0825","0.115","0.13","0.1475","0.42","90.7","101.7","111.2","110.8","115.2","136.4","105","116.2","118.8","119.4","124.4","132.2"
"137","Dendrotriton kekchiorum","1.171","1.171","1.171","1.171","1.171","1.171","1238","1238","1238","1238","1238","1238","0.17","0.17","0.17","0.17","0.17","0.17","100.3","100.3","100.3","100.3","100.3","100.3","109.4","109.4","109.4","109.4","109.4","109.4"
"138","Dendrotriton megarhinus","1.616","1.667","1.718","1.718","1.768","1.819","1516","1544","1571","1571","1599","1627","-0.2","-0.16","-0.12","-0.12","-0.08","-0.04","110.5","112.2","114","114","115.7","117.5","134.3","136.8","139.4","139.4","142","144.6"
"139","Dendrotriton rabbi","0.8983","1.015","1.132","1.132","1.249","1.366","1147","1226","1305","1305","1383","1462","-0.19","-0.1","-0.01","-0.01","0.08","0.17","85.43","90.66","95.89","95.89","101.1","106.3","99.75","107","114.3","114.3","121.6","128.9"
"140","Dendrotriton sanctibarbarus","1.41","1.419","1.438","1.446","1.466","1.498","1259","1269","1278","1282","1290","1313","0.18","0.2025","0.215","0.21","0.2225","0.23","102","103.5","105.2","108.4","110.2","121.2","108.6","109.5","110.3","110.7","111.5","113.5"
"141","Dendrotriton xolocalcae","1.978","1.993","2.02","2.072","2.099","2.273","1749","1751","1756","1778","1783","1850","0.32","0.3275","0.335","0.3425","0.35","0.38","129.4","129.6","130.1","131.8","132.3","137.7","150","150","150.6","152.5","153.1","158.7"
"142","Desmognathus abditus","1.155","1.204","1.218","1.215","1.228","1.25","1114","1147","1156","1160","1169","1212","0.14","0.2","0.22","0.2139","0.23","0.27","110.9","114.3","115.1","115.3","116.5","120","50.21","108.7","110.1","101.4","111.7","116.6"
"143","Desmognathus aeneus","0.9779","1.283","1.371","1.354","1.44","1.544","983.1","1247","1317","1300","1364","1408","-0.06","0.05","0.08","0.1195","0.19","0.49","76.42","116.4","127.5","121","132.4","136.6","43.21","58.47","63.71","67.14","68.46","131.8"
"144","Desmognathus apalachicolae","1.49","1.566","1.665","1.651","1.712","1.814","1380","1435","1465","1455","1479","1495","-0.17","-0.08","-0.04","-0.03823","0","0.1","80.32","82.51","83.64","93.14","104.3","110.5","72.38","78.02","171","138.6","173.4","179.1"
"145","Desmognathus auriculatus","1.238","1.528","1.63","1.636","1.739","2.07","1061","1360","1413","1397","1450","1592","-0.59","-0.14","-0.07","-0.0562","0.04","0.2","39.87","71.94","90.15","100.8","134.9","189.1","52.39","129","159.2","141.1","170","182.1"
"146","Desmognathus brimleyorum","1.197","1.36","1.383","1.391","1.43","1.516","1198","1318","1341","1336","1358","1393","-0.44","-0.12","-0.06","-0.06008","0.01","0.16","37.96","44.82","46.84","81.53","134.4","187.1","111.7","124.3","126.7","131.8","130.4","181.1"
"147","Desmognathus carolinensis","0.8896","1.095","1.171","1.156","1.223","1.299","885.5","1122","1193","1177","1238","1312","-0.12","0","0.07","0.09272","0.18","0.53","28.29","42.75","53.52","60.2","83.38","91.47","53.51","112.4","149","137.4","162.8","172.4"
"148","Desmognathus folkertsi","1.128","1.134","1.14","1.14","1.147","1.153","1116","1125","1134","1134","1143","1152","0.34","0.35","0.36","0.36","0.37","0.38","108.8","109.7","110.5","110.5","111.4","112.2","52.1","52.58","53.06","53.06","53.54","54.02"
"149","Desmognathus imitator","0.9012","1.077","1.16","1.153","1.251","1.298","911","1104","1189","1162","1233","1277","-0.04","0.1","0.195","0.2192","0.34","0.53","43.59","79.86","86.6","94.32","116.9","125.4","43.21","54.01","56.15","74.82","98.2","166.7"
"150","Desmognathus marmoratus","0.8896","1.077","1.152","1.149","1.221","1.352","885.5","1105","1176","1161","1230","1306","-0.12","0.04","0.18","0.1651","0.27","0.53","28.03","42.14","76.51","70.55","87.78","123.7","43.21","57.38","116.2","109.8","156.4","171.3"
"151","Desmognathus monticola","0.8506","1.055","1.153","1.182","1.28","1.803","879.8","1097","1173","1180","1250","1484","-0.23","-0.03","0.04","0.04972","0.11","0.53","17.47","30.51","54.9","69.1","112.7","141.6","43.21","73.92","149.7","126.6","160.5","176.8"
"152","Desmognathus ochrophaeus","0.6427","0.8919","0.9399","0.9529","1.002","1.238","662.1","907.8","963.4","978.7","1041","1230","-0.25","-0.01","0.09","0.08531","0.17","0.53","14.23","21.83","25.62","30.79","29.3","121.3","17.4","138.9","147","138.2","153.6","170.2"
"153","Desmognathus ocoee","0.9012","1.181","1.276","1.25","1.33","1.457","911","1190","1242","1226","1273","1389","-0.07","0.1","0.17","0.185","0.25","0.53","38.45","87.74","97.19","101.3","120.8","131.8","43.21","56.24","58.94","65.4","62.11","166"
"154","Desmognathus orestes","0.9011","1.058","1.092","1.109","1.171","1.248","887.1","1090","1135","1137","1190","1277","-0.18","-0.03","0.02","0.04558","0.11","0.4","26.28","33.24","35.27","41.08","42.26","86.4","105.8","148.8","155.1","154.1","161","171.3"
"155","Desmognathus quadramaculatus","0.8896","1.079","1.173","1.165","1.239","1.372","885.5","1115","1192","1176","1242","1322","-0.2","-0.02","0.07","0.09093","0.19","0.53","26.28","35.48","52.73","65.55","88.62","126.9","43.21","60.49","146.9","119.4","159.1","172.4"
"156","Desmognathus santeetlah","0.9012","1.084","1.174","1.157","1.244","1.298","911","1113","1195","1167","1234","1277","-0.09","0.09","0.18","0.1948","0.32","0.53","43.59","80.23","86.39","93.06","112.6","125.4","43.21","54.32","56.73","83.32","106.2","168.8"
"157","Desmognathus welteri","0.9476","1.101","1.141","1.143","1.198","1.261","940","1126","1152","1146","1177","1235","-0.16","0","0.07","0.07835","0.15","0.32","28.03","50.74","80.98","81.18","115.1","123.1","53.96","116.3","154.5","144.2","159.4","167.1"
"158","Desmognathus wrighti","0.8896","1.07","1.135","1.135","1.201","1.352","885.5","1095","1165","1155","1226","1306","-0.12","0","0.12","0.1376","0.25","0.53","26.28","39.28","52.14","59.32","84.17","119.9","43.21","104.1","146.7","127.7","161.1","171.3"
"159","Ensatina eschscholtzii","0.1658","0.7397","0.8998","0.8617","0.9931","1.379","295.4","876.8","1050","1073","1288","1804","-0.96","-0.525","0.04","-0.01757","0.46","0.88","57.54","132.2","154.1","156.2","181","226.1","5.89","20.1","28.15","34.67","43.98","87.93"
"160","Eurycea chisholmensis","1.559","1.564","1.568","1.568","1.572","1.576","1444","1446","1448","1449","1451","1454","-0.41","-0.41","-0.41","-0.41","-0.41","-0.41","59.08","59.4","59.55","59.51","59.65","59.86","157.5","157.8","158","158","158.1","158.4"
"161","Eurycea cirrigera","0.8887","1.181","1.348","1.359","1.521","1.902","885.5","1169","1272","1267","1377","1537","-0.59","-0.08","0","-0.002201","0.06","0.53","17.93","55.96","86.71","84.96","121.7","142.1","43.21","95.92","144.3","127.9","163.2","182.1"
"162","Eurycea guttolineata","0.8896","1.348","1.456","1.454","1.569","1.894","885.5","1266","1340","1330","1407","1496","-0.24","-0.09","0","-0.004793","0.06","0.53","24.62","65.91","99.51","93.58","127.8","142.1","43.21","74.19","125.6","121.2","165.9","182.1"
"163","Eurycea junaluska","0.9012","1.126","1.208","1.186","1.265","1.298","911","1152","1218","1186","1239","1277","-0.04","0.09","0.16","0.184","0.28","0.51","63.7","85.12","99.27","100.9","121","125.4","43.21","53.74","55.61","70.35","57.32","166.7"
"164","Eurycea latitans","1.294","1.374","1.47","1.462","1.541","1.636","1438","1460","1470","1470","1479","1507","-0.57","-0.5","-0.44","-0.4564","-0.42","-0.39","61.93","64.08","64.72","69.29","79.71","83.14","140.9","144.1","157.4","153.8","159","161.8"
"165","Eurycea lucifuga","0.8653","1.16","1.21","1.22","1.28","1.475","885.8","1153","1198","1202","1256","1405","-0.22","-0.09","0","-0.004036","0.07","0.51","20.43","32.65","79.98","78.76","122.2","186.1","45.56","110.4","121.2","124.2","148.4","170.4"
"166","Eurycea multiplicata","1.13","1.204","1.295","1.292","1.372","1.503","1139","1223","1285","1278","1330","1393","-0.44","-0.12","-0.08","-0.07291","-0.03","0.16","29.68","37.27","42.26","66.48","47.83","187.1","106.6","122","127.9","133","145.1","181.1"
"167","Eurycea nana","1.617","1.62","1.623","1.623","1.626","1.629","1486","1488","1490","1490","1492","1493","-0.43","-0.4275","-0.425","-0.425","-0.4225","-0.42","82.02","82.11","82.2","82.2","82.3","82.39","160.1","160.2","160.3","160.3","160.4","160.5"
"168","Eurycea naufragia","1.538","1.54","1.541","1.545","1.549","1.556","1434","1435","1435","1438","1439","1444","-0.42","-0.42","-0.42","-0.42","-0.42","-0.42","59.42","59.7","59.98","59.94","60.19","60.41","156.1","156.2","156.2","156.4","156.6","156.9"
"169","Eurycea neotenes","1.508","1.512","1.516","1.514","1.517","1.518","1472","1472","1472","1474","1475","1478","-0.47","-0.46","-0.45","-0.4567","-0.45","-0.45","65.38","65.41","65.45","65.56","65.65","65.86","158.5","158.5","158.6","158.9","159.2","159.7"
"170","Eurycea pterophila","1.477","1.496","1.519","1.521","1.542","1.572","1454","1459","1464","1463","1469","1475","-0.42","-0.42","-0.41","-0.4106","-0.41","-0.4","62.76","63.31","63.68","69.2","79.56","80.4","157","157.3","157.9","158","158.7","159.4"
"171","Eurycea quadridigitata","1.253","1.537","1.628","1.66","1.757","2.328","1162","1374","1416","1410","1455","1616","-0.59","-0.14","-0.07","-0.06386","0.02","0.2","43.19","77.81","101.7","105.4","135.8","189.1","48.52","100.5","156.5","135.8","168.5","182.1"
"172","Eurycea rathbuni","1.593","1.598","1.603","1.605","1.612","1.62","1470","1474","1479","1479","1483","1487","-0.42","-0.42","-0.42","-0.4167","-0.415","-0.41","81.2","81.32","81.44","81.53","81.69","81.94","158.2","158.7","159.2","159.2","159.7","160.1"
"173","Eurycea sosorum","1.61","1.61","1.61","1.61","1.61","1.61","1459","1459","1459","1459","1459","1459","-0.44","-0.44","-0.44","-0.44","-0.44","-0.44","79.32","79.32","79.32","79.32","79.32","79.32","158.1","158.1","158.1","158.1","158.1","158.1"
"174","Eurycea spelaea","1.13","1.168","1.205","1.214","1.248","1.374","1126","1200","1231","1234","1268","1355","-0.23","-0.12","-0.1","-0.09707","-0.07","0.07","27.61","33.52","36.47","47.76","39.36","186.1","106.6","119","141.4","133.7","145.2","155.9"
"175","Eurycea tonkawae","1.52","1.54","1.554","1.555","1.569","1.589","1427","1435","1439","1439","1444","1457","-0.43","-0.42","-0.42","-0.4196","-0.42","-0.41","59.43","60.13","77.33","71.11","77.69","78.17","155","155.8","156.3","156.3","156.7","158.1"
"176","Eurycea tridentifera","1.503","1.517","1.522","1.522","1.528","1.544","1457","1461","1465","1466","1473","1475","-0.43","-0.4225","-0.42","-0.4192","-0.41","-0.41","64.28","64.78","80.92","74.34","81.22","81.85","156.8","157.4","158","158.1","158.8","159.2"
"177","Eurycea troglodytes","1.434","1.532","1.57","1.563","1.598","1.641","1470","1512","1530","1532","1555","1586","-0.61","-0.58","-0.56","-0.5575","-0.54","-0.45","64.62","66.17","67.43","75.09","88.94","91.19","149.1","163.1","165","165","167.8","171.3"
"178","Eurycea tynerensis","1.152","1.196","1.226","1.241","1.28","1.374","1161","1214","1246","1248","1273","1355","-0.2","-0.13","-0.1","-0.1018","-0.07","-0.01","33.41","36.41","38.2","38.63","40.92","44.88","114.7","142.4","145.4","143.9","148.1","154.5"
"179","Eurycea wallacei","1.646","1.667","1.667","1.664","1.668","1.67","1465","1469","1474","1472","1475","1475","-0.06","-0.03","-0.03","-0.032","-0.02","-0.02","81.44","81.44","81.68","87.03","81.68","108.9","173.2","173.7","174.7","174.3","174.9","174.9"
"180","Eurycea waterlooensis","1.61","1.611","1.612","1.612","1.613","1.614","1456","1457","1458","1458","1458","1459","-0.44","-0.44","-0.44","-0.44","-0.44","-0.44","79.07","79.13","79.19","79.19","79.26","79.32","157.8","157.8","157.9","157.9","158","158.1"
"181","Eurycea wilderae","0.8896","1.101","1.179","1.18","1.26","1.388","885.5","1137","1197","1189","1247","1353","-0.19","-0.02","0.08","0.09894","0.21","0.53","26.28","37.21","75.72","69.75","90.69","126.9","43.21","59.44","128.5","111.8","157.8","172.4"
"182","Gyrinophilus gulolineatus","1.246","1.269","1.279","1.279","1.287","1.312","1205","1224","1243","1240","1253","1283","0","0.07","0.09","0.08695","0.11","0.13","118.5","120.3","122.5","122.1","123.6","126.3","53.23","54.71","55.7","58.77","56.27","164.6"
"183","Gyrinophilus palleucus","1.23","1.294","1.318","1.327","1.368","1.405","1138","1237","1265","1263","1294","1340","-0.01","0.08","0.1","0.1112","0.14","0.27","113.6","123.2","125.7","125.6","128.9","133.2","50.14","56.17","59.39","79.03","118","127.3"
"184","Gyrinophilus porphyriticus","0.5693","0.8826","1.002","1.032","1.171","1.515","535.2","909.7","1030","1044","1183","1428","-0.25","-0.01","0.09","0.0911","0.19","0.72","10.36","22.99","28.21","50.14","80.83","155.3","17.4","103.5","141.9","123.4","154.2","178.1"
"185","Gyrinophilus subterraneus","1.062","1.064","1.066","1.07","1.075","1.083","1111","1112","1113","1119","1124","1134","-0.13","-0.11","-0.09","-0.1033","-0.09","-0.09","31.79","31.83","31.87","32.12","32.29","32.7","155.7","155.7","155.8","156.8","157.4","158.9"
"186","Hemidactylium scutatum","0.5693","0.87","1.011","1.066","1.233","1.893","597.3","887.2","1012","1048","1212","1495","-0.27","-0.07","0.02","0.03413","0.12","0.61","5.67","21.4","29.77","49.27","67.32","181.6","12.19","92.21","135.3","121.4","153.1","179"
"187","Hydromantes brunus","0.8381","0.8417","0.8623","0.8609","0.879","0.8829","1376","1378","1393","1391","1404","1405","-0.5","-0.49","-0.465","-0.465","-0.44","-0.43","201.5","202.1","203.9","203.6","205.3","205.3","42.87","43.01","43.32","43.27","43.54","43.62"
"188","Hydromantes platycephalus","0.1717","0.3669","0.4681","0.5061","0.6116","1.032","579.5","894.1","1080","1102","1327","1686","-0.95","-0.75","-0.46","-0.4197","-0.1025","0.36","51.41","131.3","156.6","157.3","185.3","234.2","17.88","27.59","37.01","39.84","50.26","78.78"
"189","Hydromantes shastae","0.7689","0.8235","0.8599","0.8535","0.8857","0.9105","1233","1300","1326","1317","1340","1355","0.09","0.12","0.15","0.1431","0.16","0.19","188.1","196.9","200.5","199.2","202.4","204.1","31.73","33.79","34.84","34.5","35.41","35.98"
"190","Isthmura bellii","0.3916","1.04","1.152","1.194","1.304","2.233","858.2","1519","1614","1606","1701","2105","-0.78","-0.59","-0.5","-0.4602","-0.38","0.36","58.76","118.6","142.2","136.5","154.1","196.1","71.79","133.1","147.1","144.6","156.6","188.2"
"191","Ixalotriton niger","1.902","1.905","1.914","1.922","1.932","1.957","1685","1687","1690","1690","1693","1695","-0.41","-0.3875","-0.375","-0.38","-0.3675","-0.36","132.3","132.3","132.4","132.6","132.8","133.4","154.7","155.5","155.8","155.7","156","156.3"
"192","Ixalotriton parvus","1.679","1.706","1.727","1.74","1.761","1.827","1449","1462","1478","1481","1497","1520","-0.19","-0.13","-0.09","-0.0975","-0.0575","-0.02","116.6","118.8","120.7","122.8","124.7","133.4","126.4","127.8","129.5","129.6","131.3","133.2"
"193","Nototriton abscondens","1.213","1.598","1.779","1.738","1.914","2.13","979","1205","1298","1276","1371","1502","0.25","0.48","0.56","0.5266","0.6","0.66","89.98","107.6","112","111","116.6","126.9","82.42","97.62","110.4","107.6","116.9","125.5"
"194","Nototriton barbouri","1.676","1.971","2.12","2.118","2.21","2.535","1283","1474","1574","1560","1669","1771","-0.26","-0.145","0.01","0.04769","0.2075","0.41","120.6","136.3","146.8","145","154.4","160.4","95.27","121.2","131.2","132.5","147.3","158.1"
"195","Nototriton brodiei","1.785","1.945","2.105","2.082","2.23","2.355","1337","1416","1496","1463","1526","1557","0.13","0.16","0.19","0.1933","0.225","0.26","125.3","132.7","140.1","136.6","142.2","144.3","120.4","127","133.7","131.5","137.1","140.4"
"196","Nototriton limnospectator","1.41","1.43","1.477","1.556","1.699","1.785","1259","1275","1298","1345","1427","1480","0.09","0.15","0.195","0.1783","0.2175","0.23","102","104.6","112.6","115.5","120.6","140.4","108.6","110.1","112.1","116.2","123.3","128"
"197","Nototriton picadoi","1.256","1.479","1.633","1.601","1.737","1.812","1016","1119","1221","1212","1309","1352","0.29","0.345","0.56","0.5082","0.645","0.75","85.54","93.78","101.5","101","108.5","112.1","85.63","94.48","103.9","102.8","111.5","115.3"
"198","Nototriton richardi","1.622","1.798","1.889","1.869","1.944","2.136","1195","1301","1340","1332","1367","1452","0.45","0.505","0.55","0.5464","0.595","0.62","107.2","113.2","114.8","115.4","118.1","122.2","96.25","110","114.2","112.3","116.4","123"
"199","Nototriton saslaya","1.873","2.077","2.148","2.159","2.23","2.399","1326","1418","1450","1446","1467","1552","0.32","0.4","0.4","0.4067","0.43","0.47","124.2","132.6","135.2","135","137","144.3","111.9","119.6","122.7","122.2","124","131.6"
"200","Nyctanolis pernix","1.457","1.577","1.74","1.712","1.824","1.986","1161","1211","1378","1401","1594","1655","-0.23","0.22","0.41","0.3386","0.575","0.6","101.6","106.6","112.2","121.9","138","150.7","105.9","109.6","121.3","124.2","138.9","144.8"
"201","Oedipina carablanca","2.258","2.549","2.629","2.634","2.754","2.834","1446","1512","1535","1530","1556","1561","0.56","0.58","0.61","0.6024","0.62","0.64","129.1","135.7","138.4","137.2","139.2","141.2","107.4","112.6","116","121.9","131.9","132.9"
"202","Oedipina complex","1.841","2.783","2.863","2.815","2.896","2.967","1166","1424","1504","1491","1563","1676","-0.14","0.55","0.67","0.6379","0.77","0.84","94.32","121.3","128.5","127","135.2","145.2","96.99","115.5","122.2","122","128.8","143.2"
"203","Oedipina cyclocauda","1.332","2.482","2.71","2.612","2.819","2.933","1189","1428","1489","1491","1555","1839","-0.39","0.25","0.45","0.3617","0.51","0.74","104.2","129.1","136.1","136.5","143.3","176.5","90.24","119.9","125.1","125.3","131.1","160.1"
"204","Oedipina elongata","1.491","2.266","2.42","2.41","2.666","2.839","1308","1365","1402","1466","1542","1771","0.03","0.32","0.4","0.3915","0.47","0.61","115.4","120.5","126.3","129.4","137.5","156.4","102.5","122.6","127.3","130.3","139.2","157.1"
"205","Oedipina gephyra","1.778","1.804","1.814","1.906","1.916","2.217","1327","1357","1378","1406","1427","1541","0.08","0.11","0.135","0.1475","0.1725","0.24","123.8","127.2","129.5","130.9","133.3","140.8","98.88","109.3","113.6","113.9","118.3","129.6"
"206","Oedipina gracilis","1.882","2.573","2.767","2.678","2.837","2.869","1357","1486","1531","1519","1556","1586","0.32","0.46","0.53","0.519","0.58","0.71","112.5","127.7","136","133.7","139.4","144.4","102.9","112.9","115.1","119","124.7","134.8"
"207","Oedipina grandis","1.3","1.628","1.744","1.708","1.851","1.998","1024","1160","1206","1193","1249","1310","0.49","0.52","0.53","0.5407","0.5625","0.63","86.61","98.58","102.7","101.6","106.7","112.4","85.56","96.72","100.5","99.32","103.8","108.6"
"208","Oedipina maritima","2.867","2.867","2.867","2.867","2.867","2.867","1458","1458","1458","1458","1458","1458","0.59","0.59","0.59","0.59","0.59","0.59","132.5","132.5","132.5","132.5","132.5","132.5","110.6","110.6","110.6","110.6","110.6","110.6"
"209","Oedipina parvipes","1.653","2.668","2.823","2.748","2.899","2.967","1281","1474","1574","1557","1645","1736","0.11","0.48","0.57","0.5585","0.62","0.77","101.2","128.5","136.9","134.5","142.5","149.2","96.99","116","130.1","126.5","136.6","147.2"
"210","Oedipina poelzi","1.262","1.49","1.84","1.803","2.067","2.443","1020","1129","1321","1290","1412","1628","0.23","0.47","0.54","0.519","0.6","0.66","93.92","102.8","114.8","115.1","124.3","141.3","85.49","95.06","106.6","106.3","117.5","133.5"
"211","Oedipina pseudouniformis","1.166","2.098","2.242","2.168","2.364","2.677","958.6","1436","1490","1444","1528","1599","-0.21","0.435","0.49","0.4372","0.5375","0.66","88.32","127.8","134.2","131.7","142.3","149.8","80.79","110.6","121","116.5","125.9","135.4"
"212","Oedipina savagei","1.998","2.149","2.254","2.224","2.307","2.367","1310","1428","1509","1476","1534","1565","0.49","0.5325","0.55","0.54","0.56","0.56","112.4","123.9","132.2","129","134.9","138.2","108.6","116.3","117.8","117.3","119.3","123.2"
"213","Oedipina taylori","1.556","2.113","2.233","2.231","2.331","2.694","1218","1619","1678","1669","1738","1811","-0.35","0","0.07","0.05545","0.13","0.47","89.15","126.7","135","133.5","139.4","154.1","104.8","138.1","143.1","142.1","147.8","154.6"
"214","Oedipina tomasi","1.67","1.67","1.67","1.67","1.67","1.67","1281","1281","1281","1281","1281","1281","0.31","0.31","0.31","0.31","0.31","0.31","120","120","120","120","120","120","115.2","115.2","115.2","115.2","115.2","115.2"
"215","Oedipina uniformis","1.048","1.914","2.133","2.12","2.361","2.793","908.7","1371","1472","1454","1559","1706","0.16","0.3925","0.49","0.4651","0.55","0.66","76.48","117.8","131.1","128.2","139.3","151.2","76.29","115.2","121.5","120.1","127.9","138.3"
"216","Parvimolge townsendi","1.283","1.469","1.565","1.555","1.638","1.784","1369","1392","1405","1409","1420","1489","0.23","0.28","0.3","0.2966","0.32","0.35","101","102.7","103.7","104.2","105.5","109.5","125.1","133.6","135.2","134.6","136.9","141.4"
"217","Phaeognathus hubrichti","1.54","1.561","1.568","1.566","1.573","1.583","1424","1440","1446","1447","1454","1475","0","0.02","0.03","0.0304","0.04","0.06","104","105.6","106.2","106","106.6","107.6","75.48","76.72","77.12","77.21","77.72","79.4"
"218","Plethodon albagula","1.111","1.19","1.31","1.339","1.443","1.779","1083","1214","1304","1328","1459","1639","-0.68","-0.41","-0.12","-0.2092","-0.07","0.16","24.17","34.84","46.07","68.99","80.97","187.1","106.6","123.1","143","140.7","157.8","188.6"
"219","Plethodon amplus","1.06","1.112","1.136","1.131","1.16","1.175","1081","1132","1161","1155","1187","1196","0.03","0.07","0.14","0.145","0.205","0.28","36.24","39.23","40.18","39.87","41.03","41.51","106.7","148","153.2","147.8","157.5","158.4"
"220","Plethodon angusticlavius","1.13","1.191","1.228","1.236","1.272","1.392","1139","1212","1248","1247","1282","1371","-0.27","-0.11","-0.08","-0.07561","-0.05","0.07","32.01","36.52","38.64","56.33","40.68","187.1","106.6","120.1","138.4","132","144.4","177"
"221","Plethodon asupak","0.7228","0.7846","0.8062","0.7896","0.8113","0.8233","1140","1204","1227","1210","1233","1244","-0.43","-0.415","-0.39","-0.365","-0.34","-0.25","178.6","187.2","190.5","188.2","191.6","193.3","25.61","26.89","27.38","27.03","27.52","27.76"
"222","Plethodon caddoensis","1.301","1.322","1.346","1.344","1.355","1.411","1247","1269","1291","1290","1304","1344","0.05","0.1075","0.11","0.1167","0.1325","0.16","43","43.84","44.59","53.41","44.9","165.2","116.1","118","120.1","120.1","121.5","125.8"
"223","Plethodon cheoah","1.14","1.158","1.191","1.182","1.196","1.218","1175","1196","1227","1218","1233","1250","0.14","0.18","0.19","0.2044","0.24","0.28","82.92","84.51","86.55","86.01","87.1","88.11","54.32","55.35","57.15","56.67","57.68","58.36"
"224","Plethodon cinereus","0.5234","0.74","0.8419","0.8726","0.9776","1.596","493.1","745.1","842.6","870.6","979.3","1312","-0.44","-0.04","0.11","0.1154","0.26","0.72","1.9","19.65","25.85","32.09","32.23","155.3","10.6","100.1","124.8","113.4","147.6","173.9"
"225","Plethodon cylindraceus","0.867","1.147","1.24","1.233","1.33","1.493","885.5","1166","1233","1218","1278","1386","-0.22","-0.1","-0.08","-0.04834","-0.03","0.53","22.09","35.09","52.58","51.18","62.95","112.1","53.51","149.8","163.8","152","167.6","178.1"
"226","Plethodon dunni","0.3607","0.8166","0.9384","0.8914","0.992","1.086","593.7","849.9","926.9","921.7","991","1182","-0.25","0.27","0.44","0.4108","0.59","0.75","95.71","128.4","142.1","140.6","153.1","183.2","12.48","19.37","21.51","21.56","23.42","30.93"
"227","Plethodon electromorphus","0.9581","1.023","1.066","1.062","1.1","1.169","908.6","1028","1066","1066","1109","1177","-0.12","-0.07","-0.04","-0.03445","-0.01","0.2","18.83","22.21","24.73","26.17","27.58","117.7","97.33","150.7","155.2","150.8","159.5","167.8"
"228","Plethodon elongatus","0.4524","0.7227","0.8228","0.8152","0.9146","1.086","770.8","934.4","1006","1023","1107","1351","-0.55","0.01","0.23","0.1927","0.4","0.58","104","139.1","151.4","153.4","169.1","207.9","20.08","24.84","26.63","26.64","28.58","31.36"
"229","Plethodon fourchensis","1.28","1.293","1.301","1.303","1.304","1.361","1247","1265","1269","1273","1276","1326","0.03","0.035","0.06","0.054","0.0675","0.08","42.62","43.19","43.32","43.5","43.56","45.56","115.5","117.3","117.8","118.1","118.4","123.3"
"230","Plethodon glutinosus","0.7611","1.077","1.274","1.299","1.512","2.068","750.3","1075","1213","1215","1375","1592","-0.59","-0.06","0.02","0.0129","0.08","0.51","14.87","27.39","78.91","75.18","118.7","153.1","17.4","103.7","143.5","128.8","159.4","182.1"
"231","Plethodon hoffmani","0.8653","0.9555","0.9956","1.001","1.046","1.157","885.8","991","1044","1047","1100","1217","-0.23","-0.1","-0.01","0.002614","0.09","0.4","17.47","21.91","25.46","26.32","29.12","75.86","69.33","147","152.4","151.7","157.3","169.9"
"232","Plethodon hubrichti","0.994","1.006","1.019","1.026","1.041","1.064","1021","1034","1047","1055","1072","1098","0.03","0.075","0.12","0.1067","0.145","0.17","28.88","29.37","29.86","30.14","30.78","31.69","142.9","144.6","146.3","147.4","149.7","153.1"
"233","Plethodon idahoensis","0.354","0.5285","0.6009","0.5997","0.6729","0.8235","587.5","826.8","879.8","876.6","928.2","1111","-0.69","-0.36","-0.2","-0.2029","-0.05","0.29","17.1","125.3","134","123.7","140.9","164.2","6.25","11.53","13.11","36.22","16.9","161.1"
"234","Plethodon kentucki","0.9986","1.12","1.143","1.134","1.156","1.206","978.6","1147","1172","1166","1198","1246","-0.15","-0.05","-0.02","-0.003197","0.03","0.24","29.42","50.96","80.45","70.31","82.99","119.9","136","158.5","163.2","161.9","166.4","172.8"
"235","Plethodon kiamichi","1.262","1.344","1.37","1.36","1.38","1.398","1218","1324","1353","1342","1370","1393","-0.22","-0.15","-0.11","-0.09042","-0.03","0.11","41.32","44.76","45.51","45.37","46.3","47.36","113.3","123","125.8","124.9","127.3","158.2"
"236","Plethodon kisatchie","1.464","1.55","1.632","1.613","1.665","1.713","1322","1385","1411","1405","1427","1448","-0.12","-0.05","-0.01","-0.01388","0.02","0.09","131.1","136.9","138.4","138.7","139.8","178.3","54.56","57.47","59.06","89.67","130.1","133.6"
"237","Plethodon larselli","0.4653","0.6477","0.7101","0.7171","0.7792","0.9921","529.1","765","867.2","870.7","985.5","1190","-0.79","-0.35","0.53","0.2183","0.66","0.83","90.47","125.8","139.6","138","150.1","177.2","8.87","13.91","16.43","16.2","18.69","22.95"
"238","Plethodon meridianus","1.143","1.217","1.232","1.225","1.243","1.266","1152","1235","1246","1241","1263","1282","-0.02","0.02","0.04","0.05509","0.07","0.2","39.54","42.12","42.71","42.51","43.13","44.3","110.7","164.2","165.9","162.2","168.3","170.9"
"239","Plethodon metcalfi","0.9217","1.122","1.184","1.198","1.291","1.351","934.5","1151","1206","1207","1279","1312","-0.04","0.09","0.17","0.2074","0.34","0.53","38.45","77.21","86.8","80.01","89.83","115.6","47.58","60.75","62.29","88.32","113","171.5"
"240","Plethodon montanus","0.9011","1.019","1.053","1.058","1.099","1.212","887.1","1033","1075","1077","1128","1239","-0.17","0.09","0.19","0.1735","0.25","0.45","26.28","32.74","36.5","42.73","51.02","83.64","53.51","136.7","142.8","140.2","149.2","165.2"
"241","Plethodon neomexicanus","0.4878","0.5882","0.6341","0.6363","0.6887","0.7588","832.2","993.3","1073","1084","1177","1347","-0.79","-0.67","-0.53","-0.5196","-0.39","-0.04","30.58","37.32","117","94.52","126","151","112.2","131.2","140.2","141.5","151.8","170.4"
"242","Plethodon nettingi","0.8506","0.8912","0.908","0.9109","0.9334","0.9717","879.8","916.9","945.9","947.2","974.3","1030","0.13","0.24","0.29","0.2905","0.35","0.4","20.99","23.09","23.74","27.13","24.73","66.14","126.9","131.5","136.9","136.5","140.8","148.7"
"243","Plethodon ouachitae","1.262","1.3","1.324","1.322","1.348","1.383","1218","1262","1291","1293","1327","1364","-0.08","-0.03","0.01","0.008387","0.0575","0.11","41.32","42.83","44.09","43.99","45.16","46.64","113.3","117.3","120.3","120.2","123.4","127"
"244","Plethodon petraeus","1.253","1.275","1.309","1.305","1.34","1.346","1191","1214","1250","1247","1286","1292","0.09","0.1","0.15","0.1532","0.205","0.23","117.9","120.1","123.2","123","126.4","127.2","54.18","55.52","57.63","57.29","59.4","59.76"
"245","Plethodon punctatus","0.867","0.9992","1.035","1.029","1.068","1.102","893.3","1059","1102","1093","1137","1175","-0.23","-0.16","-0.115","-0.08687","-0.04","0.33","22.09","27.01","28.62","28.81","30.96","33","69.33","146.7","152.2","151.6","158.3","170.4"
"246","Plethodon sequoyah","1.415","1.417","1.419","1.423","1.427","1.436","1351","1355","1359","1357","1359","1360","-0.02","-0.02","-0.02","-0.01333","-0.01","0","47.51","47.66","47.81","47.81","47.96","48.11","126","126.3","126.6","126.6","126.9","127.1"
"247","Plethodon serratus","0.9012","1.171","1.268","1.29","1.378","1.713","911","1202","1254","1263","1326","1448","-0.37","-0.11","-0.06","-0.01949","0.04","0.53","26.32","33.9","47.66","72.95","119.7","181.6","43.21","64.96","116.8","107","140.5","180.4"
"248","Plethodon shenandoah","0.9392","0.9731","1.011","1.013","1.05","1.104","939.3","982.1","1038","1037","1087","1153","-0.09","-0.005","0.06","0.06786","0.1475","0.22","24.71","26.12","27.89","27.95","29.72","32.03","64.42","139.6","147.3","132","153.8","162.4"
"249","Plethodon shermani","0.9779","1.067","1.095","1.1","1.147","1.195","983.1","1088","1116","1124","1183","1242","0.18","0.32","0.365","0.3602","0.42","0.48","82.89","99.38","106.4","102.8","109.2","116.4","43.21","49.03","50.8","51.75","55.18","58.74"
"250","Plethodon stormi","0.5585","0.6526","0.728","0.7203","0.7777","0.8685","849.2","987.2","1094","1081","1173","1256","-0.48","-0.35","-0.23","-0.199","-0.09","0.28","134.5","155.6","171.5","169.1","182.7","195","20.85","23.09","25","24.74","26.19","27.88"
"251","Plethodon teyahalee","0.9137","1.092","1.149","1.154","1.209","1.352","929.4","1119","1179","1172","1233","1308","-0.09","0.15","0.24","0.24","0.35","0.53","38.45","78.91","85.89","86.24","91.28","125.2","44.15","54.57","58.51","77.7","104.3","165.6"
"252","Plethodon vandykei","0.1658","0.7152","0.8496","0.8297","0.9613","1.052","295.4","731.1","786.8","777.1","840.7","955.1","0.21","0.61","0.68","0.6473","0.74","0.88","57.54","114.8","122.1","122.4","131","150","5.89","14.1","15.83","15.98","18.05","21.44"
"253","Plethodon vehiculum","0.1658","0.7297","0.8734","0.8385","0.9631","1.085","295.4","665.8","774.5","778.7","884","1145","-0.52","0.38","0.55","0.5058","0.68","0.88","57.54","109.4","120.9","122.4","136.8","175.6","5.89","12","15.51","16.04","19.47","29.16"
"254","Plethodon ventralis","0.9327","1.143","1.255","1.257","1.38","1.509","933.2","1170","1221","1232","1311","1388","-0.1","0.04","0.07","0.09053","0.13","0.48","30.13","54.42","102.8","94.63","129.4","135.7","46.97","61.59","124.5","114.4","156.4","165.4"
"255","Plethodon virginia","0.9117","0.985","1.007","1.007","1.03","1.081","949.7","1045","1079","1076","1109","1164","-0.23","-0.16","-0.1","-0.09324","-0.05","0.18","24.09","26.54","27.47","27.51","28.59","30.61","136.4","150.4","155","154.8","159.3","167.4"
"256","Plethodon websteri","1.276","1.408","1.486","1.509","1.615","1.737","1219","1360","1379","1373","1402","1435","-0.16","-0.09","0.02","-0.002828","0.06","0.2","67.08","99.47","131.9","119.8","135.8","141.2","51.92","66.84","71.35","81.97","94","179"
"257","Plethodon welleri","0.9011","1.029","1.058","1.063","1.098","1.198","887.1","1042","1078","1080","1119","1228","-0.01","0.1","0.16","0.1667","0.23","0.42","26.28","32.85","34.57","37.88","39.23","55.13","121.7","141.3","146.5","146.2","151.7","165.4"
"258","Plethodon yonahlossee","0.8896","1.039","1.073","1.08","1.112","1.241","885.5","1057","1104","1103","1143","1269","-0.13","0.05","0.13","0.1347","0.22","0.49","26.28","32.96","34.5","36.94","39.55","55.52","102.1","139.1","146.9","143.6","153.5","170.5"
"259","Pseudoeurycea altamontana","0.6725","0.7826","0.806","0.847","0.8684","1.108","1191","1297","1321","1354","1381","1575","-0.37","-0.205","-0.025","-0.07906","0.0125","0.09","82.44","89.88","91.36","93.65","95.51","108.8","104.1","115.5","117.5","120.4","123.3","141.1"
"260","Pseudoeurycea aurantia","1.047","1.048","1.05","1.05","1.052","1.054","1356","1357","1359","1359","1360","1362","0.1","0.1125","0.125","0.125","0.1375","0.15","109.5","109.6","109.8","109.8","109.9","110.1","119.4","119.5","119.7","119.7","119.9","120"
"261","Pseudoeurycea cochranae","0.971","1.087","1.198","1.201","1.282","1.507","1250","1497","1594","1581","1641","1787","-0.65","-0.4","-0.35","-0.3526","-0.31","0.35","101.4","116.9","121.1","121.1","126.4","137.4","105.1","130.1","137.7","137.5","143.8","155.7"
"262","Pseudoeurycea firscheini","0.9627","1.04","1.091","1.066","1.109","1.125","1382","1401","1432","1440","1482","1510","-0.63","-0.49","-0.285","-0.3562","-0.24","-0.15","95.77","105.9","109.1","107.3","111","114.5","120.4","122.4","125.8","127.1","130.7","139.1"
"263","Pseudoeurycea gadovii","0.3607","0.7981","0.926","0.9375","1.024","1.52","780.7","1264","1367","1321","1436","1513","-0.67","-0.38","-0.195","-0.1209","0.1","0.64","61.49","87.04","95.42","94.08","99.81","112.7","65.76","111.7","121.3","118.6","130.9","140.9"
"264","Pseudoeurycea juarezi","0.8952","0.9202","0.9461","0.9914","1.022","1.173","1175","1221","1222","1231","1252","1285","0.15","0.26","0.33","0.314","0.37","0.46","95.81","99.4","99.93","100.2","101.8","104.2","98.1","102.1","104","103.7","106.3","108.1"
"265","Pseudoeurycea leprosa","0.3916","0.8465","0.9676","0.9724","1.078","1.645","858.2","1301","1388","1369","1445","1597","-0.75","-0.5","-0.34","-0.303","-0.13","0.44","58.76","88.82","94.08","94.99","100.8","132.1","71.79","116.6","123.5","123.5","132.5","150.2"
"266","Pseudoeurycea longicauda","0.7557","0.8301","0.8733","0.8559","0.885","0.9247","1236","1304","1344","1331","1359","1381","-0.33","-0.31","-0.18","-0.1717","-0.0675","0.05","108.3","118.8","122.1","120","122.9","124.9","105.3","115","115.7","116.3","119.7","123.6"
"267","Pseudoeurycea melanomolga","0.631","0.863","0.9628","0.9963","1.096","1.493","1012","1185","1252","1249","1344","1382","-0.71","-0.3875","-0.035","-0.095","0.3175","0.43","77.93","82.4","87.05","88.82","93.49","103.4","88.04","105.1","111.8","112.1","121.7","133.6"
"268","Pseudoeurycea mixcoatl","1.242","1.654","1.702","1.698","1.877","1.978","1372","1657","1684","1663","1751","1797","-0.34","-0.32","-0.23","-0.22","-0.18","0.08","130.2","155.5","157.4","155.5","162.6","166.6","112.6","136.3","139.4","137.7","145.9","150.2"
"269","Pseudoeurycea obesa","1.124","1.164","1.204","1.204","1.245","1.285","1398","1404","1410","1410","1416","1422","0.02","0.055","0.09","0.09","0.125","0.16","131","131.4","131.8","131.8","132.2","132.5","121.4","122.2","122.9","122.9","123.6","124.4"
"270","Pseudoeurycea orchileucos","1.728","1.775","1.913","1.9","2.037","2.046","1510","1522","1547","1546","1571","1577","0.45","0.465","0.495","0.49","0.52","0.52","137.3","138.2","139.7","139.5","141","141.4","131.3","132.4","135.5","135.4","138.5","139.4"
"271","Pseudoeurycea orchimelas","1.805","2.11","2.252","2.229","2.392","2.604","1246","1370","1417","1413","1475","1521","0.29","0.44","0.48","0.4694","0.53","0.6","124.4","131.5","138","137.6","143.1","150.2","112.8","119.9","124.1","124.1","127","138.1"
"272","Pseudoeurycea papenfussi","0.9115","0.9812","1.033","1.066","1.141","1.467","1252","1301","1344","1352","1397","1531","-0.36","-0.055","0.175","0.1058","0.2775","0.46","101.8","106.1","108.9","109.7","113","122.3","104","114","117.3","117.4","122","130.2"
"273","Pseudoeurycea rex","0.7897","1.042","1.137","1.164","1.268","1.813","1039","1176","1258","1276","1359","1677","-0.2","0.05","0.15","0.1543","0.24","0.57","77.52","87.6","93.75","99.01","110.3","140.6","88.09","99.72","109","110.6","119.9","145.9"
"274","Pseudoeurycea robertsi","0.6403","0.6574","0.6744","0.6744","0.6914","0.7084","1120","1135","1150","1150","1166","1181","-0.15","-0.115","-0.08","-0.08","-0.045","-0.01","78.06","80.75","83.44","83.44","86.13","88.82","93.42","94.74","96.06","96.06","97.38","98.7"
"275","Pseudoeurycea ruficauda","1.124","1.182","1.285","1.373","1.579","1.721","1398","1422","1452","1461","1493","1543","-0.06","-0.0325","0.055","0.1517","0.36","0.46","117.2","131.5","132.9","131.9","136","140.2","120.8","122.8","125.4","126.1","128.7","133.4"
"276","Pseudoeurycea saltator","1.404","1.449","1.493","1.493","1.537","1.582","1430","1443","1456","1456","1470","1483","0.28","0.305","0.33","0.33","0.355","0.38","114","114.7","115.4","115.4","116.2","116.9","121.9","123.3","124.8","124.8","126.2","127.7"
"277","Pseudoeurycea smithi","0.8543","0.9187","0.9695","0.9673","0.9848","1.189","1252","1292","1307","1325","1337","1567","-0.48","-0.1","0.14","0.09231","0.27","0.46","101.4","103.2","106.2","106.2","108","113.1","104","112.3","114.2","115.1","116.1","136.7"
"278","Pseudoeurycea tenchalli","1.15","1.204","1.244","1.326","1.439","1.592","1284","1326","1342","1397","1471","1563","-0.08","0.01","0.17","0.104","0.18","0.24","121.7","125.8","127.3","132.2","139.2","147.1","105.7","108.6","110.1","114.7","120.6","128.6"
"279","Pseudoeurycea unguidentis","0.8543","0.8543","0.8543","0.8543","0.8543","0.8543","1257","1257","1257","1257","1257","1257","0.14","0.14","0.14","0.14","0.14","0.14","103.2","103.2","103.2","103.2","103.2","103.2","109","109","109","109","109","109"
"280","Pseudoeurycea werleri","1.805","1.849","1.9","1.926","1.982","2.117","1246","1281","1312","1342","1362","1518","0.5","0.53","0.54","0.55","0.56","0.63","124.4","128.5","131.1","131.1","131.9","137","113.3","116.2","119.5","121","124","133.1"
"281","Pseudotriton montanus","0.9011","1.229","1.4","1.416","1.578","2.046","887.1","1200","1296","1301","1409","1555","-0.59","-0.1","-0.03","-0.01885","0.05","0.53","21.39","63.24","81.95","83.37","105.3","142.1","43.21","95.61","157.3","134.7","167.9","182.1"
"282","Pseudotriton ruber","0.7616","1.059","1.244","1.254","1.43","1.894","750.3","1075","1216","1205","1346","1522","-0.25","-0.06","0.03","0.02543","0.09","0.53","14.87","29.52","74.7","74.26","118.8","142.1","24.77","96.01","144.2","127.7","159.4","181.8"
"283","Stereochilus marginatus","1.277","1.402","1.485","1.508","1.602","1.865","1087","1271","1311","1325","1385","1537","-0.19","-0.12","-0.08","-0.05999","-0.01","0.18","51.33","62.35","67.35","68.11","71.97","105.8","130","161.9","167.8","164.5","172.6","180.2"
"284","Thorius arboreus","0.9202","1.235","1.404","1.5","1.861","2.118","1252","1379","1430","1442","1541","1576","0.09","0.205","0.28","0.3373","0.48","0.56","101.8","111.3","114","121.4","138.9","141.5","104","116","121.9","123.7","135.1","139.8"
"285","Thorius aureus","0.9202","0.9202","0.9202","0.9202","0.9202","0.9202","1252","1252","1252","1252","1252","1252","0.46","0.46","0.46","0.46","0.46","0.46","101.8","101.8","101.8","101.8","101.8","101.8","104","104","104","104","104","104"
"286","Thorius boreas","0.9202","0.9824","1.004","1.025","1.008","1.272","1252","1296","1307","1317","1311","1443","-0.1","0.22","0.25","0.2357","0.3","0.46","101.8","105.6","106.4","107.1","107","116.6","104","113.5","114.4","113.8","114.7","121.4"
"287","Thorius dubitus","0.9627","1.064","1.102","1.073","1.112","1.125","1382","1455","1485","1465","1496","1510","-0.63","-0.57","-0.51","-0.4825","-0.4225","-0.28","95.77","98.66","103.8","104.5","109.7","114.5","120.4","127.9","130.9","130.4","133.3","139.1"
"288","Thorius grandis","1.244","1.244","1.244","1.244","1.244","1.244","1342","1342","1342","1342","1342","1342","0.17","0.17","0.17","0.17","0.17","0.17","127.3","127.3","127.3","127.3","127.3","127.3","110.1","110.1","110.1","110.1","110.1","110.1"
"289","Thorius lunaris","1.015","1.086","1.343","1.28","1.472","1.52","1393","1431","1443","1441","1454","1476","-0.42","-0.21","0.04","-0.01667","0.14","0.24","94.88","107.6","108.9","107.7","110.4","111","123.1","126.6","132.1","132.2","136.7","140.3"
"290","Thorius macdougalli","0.9115","0.9836","1.068","1.178","1.187","2.377","1175","1284","1311","1348","1381","1620","-0.23","0.195","0.26","0.2482","0.3425","0.6","95.81","104.3","106.8","109.5","111.9","143.7","98.1","109.9","113.8","116.1","119.2","146.2"
"291","Thorius magnipes","1.097","1.1","1.102","1.102","1.105","1.107","1491","1496","1501","1501","1506","1510","-0.63","-0.61","-0.59","-0.59","-0.57","-0.55","95.77","96.73","97.7","97.7","98.66","99.63","131.4","133.3","135.3","135.3","137.2","139.1"
"292","Thorius minutissimus","1.849","1.897","1.945","1.945","1.994","2.042","1636","1666","1697","1697","1728","1758","-0.45","-0.4325","-0.415","-0.415","-0.3975","-0.38","119.4","121.6","123.9","123.9","126.1","128.4","143.7","145.4","147.1","147.1","148.8","150.5"
"293","Thorius minydemus","0.9793","1.14","1.218","1.234","1.327","1.507","1190","1214","1226","1233","1266","1267","-0.2","-0.16","0.12","0.062","0.25","0.3","87.22","92.17","93.98","94.42","94.19","104.5","109.9","110","113.7","112.8","115","115.1"
"294","Thorius munificus","1.093","1.105","1.117","1.117","1.128","1.14","1232","1241","1250","1250","1258","1267","-0.16","-0.15","-0.14","-0.14","-0.13","-0.12","91.57","92.23","92.88","92.88","93.54","94.19","111.5","112.4","113.2","113.2","114.1","115"
"295","Thorius narisovalis","0.8543","0.9293","0.9573","0.9346","0.9626","0.9695","1257","1317","1339","1350","1372","1465","-0.18","-0.135","-0.11","-0.065","-0.04","0.14","100.6","102.6","106.4","105.9","109.8","110.2","109","114.4","116.3","117.3","119.3","127.6"
"296","Thorius omiltemi","1.242","1.364","1.486","1.486","1.608","1.73","1372","1454","1535","1535","1617","1699","-0.33","-0.2275","-0.125","-0.125","-0.0225","0.08","130.2","137.3","144.4","144.4","151.6","158.7","112.6","119.6","126.7","126.7","133.7","140.8"
"297","Thorius papaloae","0.9548","1.056","1.089","1.086","1.127","1.2","1326","1390","1394","1395","1422","1433","-0.21","-0.1575","-0.06","-0.05","-0.0225","0.23","107.5","112.6","113","113","115.2","116.2","116.3","120.9","122.2","121.6","122.4","125.6"
"298","Thorius pennatulus","1.283","1.501","1.604","1.584","1.669","1.901","1374","1390","1404","1408","1417","1514","0.23","0.29","0.31","0.3106","0.34","0.4","101","102.8","103.6","103.9","104.7","110.5","125.1","132","134.5","134","136.3","142.1"
"299","Thorius pulmonaris","0.9695","0.9997","1.03","1.029","1.059","1.088","1337","1359","1381","1375","1395","1408","-0.32","-0.28","-0.24","-0.2267","-0.18","-0.12","109.6","111.5","113.3","112.8","114.4","115.4","116.1","118.2","120.2","119.7","121.4","122.7"
"300","Thorius schmidti","0.9992","1.104","1.288","1.372","1.535","2.016","1328","1362","1423","1447","1515","1648","0.17","0.25","0.33","0.3111","0.36","0.42","111","111.7","118.4","118.7","124.6","126.4","113.8","117","124.1","126.4","133.7","147.4"
"301","Thorius spilogaster","1.015","1.017","1.018","1.018","1.02","1.022","1393","1395","1397","1397","1398","1400","-0.23","-0.225","-0.22","-0.22","-0.215","-0.21","107.6","107.6","107.7","107.7","107.8","107.9","123.1","123.3","123.6","123.6","123.9","124.1"
"302","Thorius troglodytes","0.9627","0.9972","1.091","1.073","1.113","1.227","1365","1392","1432","1433","1471","1510","-0.63","-0.5075","-0.285","-0.347","-0.24","-0.1","90.1","101.7","109.1","106.1","111.6","114.5","120.4","121.7","125.8","126.7","129.9","139.1"
"303","Urspelerpes brucei","1.298","1.308","1.314","1.314","1.32","1.328","1262","1275","1282","1280","1287","1292","0.13","0.145","0.16","0.16","0.175","0.19","88.31","89.44","89.97","89.72","90.25","90.62","61.21","61.8","62.09","61.99","62.29","62.59"
